product_image,product_name,product_rating,product_url
https://images-eu.ssl-images-amazon.com/images/I/51Ta3IWxhJL._SX300_SY300_QL70_ML2_.jpg,"EITHEO Marvel Baby Groot Model Action Figure Pen Stand Cum Flower Pot Planter (16x14x13 Cm, Brown)",4.3 out of 5 stars,https://www.amazon.in/Eitheo-Action-Figure-Flower-Planter/dp/B07MP8JX5J?dchild=1&keywords=groot&qid=1622956420&sr=8-5&th=1&linkCode=ll1&tag=giftomatic07-21&linkId=de8c23a181325dc6e57fdd4a93e12793&language=en_IN&ref_=as_li_ss_tl
https://images-eu.ssl-images-amazon.com/images/I/51PJtXhH87L._SY300_SX300_QL70_ML2_.jpg,CRAFT CLUB Premium Leather Journal with Antique Handmade Paper.,4.3 out of 5 stars,https://www.amazon.in/Premium-Leather-Journal-Antique-Handmade/dp/B08MKDMRJY?dchild=1&keywords=antique+diary&qid=1622219126&sr=8-5&linkCode=ll1&tag=giftomatic07-21&linkId=1c9756be18421c587c474bdf8821eb9e&language=en_IN&ref_=as_li_ss_tl
https://images-eu.ssl-images-amazon.com/images/I/51cFD0IilOL._SX300_SY300_QL70_ML2_.jpg,Sleepy Owl Coffee Hazelnut Cold Brew Packs | 5 Packs | 3 Step Brew - No Equipment Required | 100% Arabica Beans - Sourced Directly from Farms,4.5 out of 5 stars,https://www.amazon.in/Sleepy-Owl-Coffee-Hazelnut-Packs/dp/B08JLSRPW9?dchild=1&keywords=Sleepy+Owl+Coffee+cold&qid=1622902965&s=grocery&sr=1-8&linkCode=ll1&tag=giftomatic07-21&linkId=78cf64dc4fcb7d81b37938807af66985&language=en_IN&ref_=as_li_ss_tl
https://images-eu.ssl-images-amazon.com/images/I/51t6B-A0EUL._SX300_SY300_QL70_ML2_.jpg,"ExclusiveLane Earthenware Madhubani & Warli Handpainted Flower Vases (27.94 cm x 27.94 cm x 15.24 cm, Multicolour)",4.1 out of 5 stars,https://www.amazon.in/dp/B011IQ9UYG?psc=1&pd_rd_i=B011IQ9UYG&pd_rd_w=7yK0B&pf_rd_p=22b566f7-b705-4003-ab1d-17d90225e15f&pd_rd_wg=T19m1&pf_rd_r=Y2QSD6XDHFHMXYW1W56C&pd_rd_r=6d166087-cd07-460e-9e43-1b0c45dce66b&spLa=ZW5jcnlwdGVkUXVhbGlmaWVyPUEzSU9QMlg1Wlc5WjkwJmVuY3J5cHRlZElkPUEwNTIyOTY0QUE1UElIVk1RQVdNJmVuY3J5cHRlZEFkSWQ9QTA2NjQ2NTRBTTBRUlFMT1YwTTYmd2lkZ2V0TmFtZT1zcF9kZXRhaWwmYWN0aW9uPWNsaWNrUmVkaXJlY3QmZG9Ob3RMb2dDbGljaz10cnVl&linkCode=ll1&tag=giftomatic07-21&linkId=6315e3ad6c7c207903020122369de365&language=en_IN&ref_=as_li_ss_tl
https://images-na.ssl-images-amazon.com/images/I/51bxi-Bi1jL._SY300_SX300_.jpg,Swiss Military Canvas Beige Sling Bag (CAN-3),4.3 out of 5 stars,https://www.amazon.in/Swiss-Military-Canvas-Beige-CAN-3/dp/B00K1EI07A?&linkCode=ll1&tag=giftomatic07-21&linkId=6180fbb4e75cfe89d50c6ce4015c2c69&language=en_IN&ref_=as_li_ss_tl
https://images-eu.ssl-images-amazon.com/images/I/51knv1vvKLL._SX300_SY300_QL70_ML2_.jpg,"Panshul Fab & Tex Fabric Monk Idol, 6x4x3 cm, Multicolour, Set of 4",4.2 out of 5 stars,https://www.amazon.in/Panshul-Fab-Tex-Showpiece-Dashboard-Home/dp/B08GQ8Y24V?pd_rd_w=8wEsX&pf_rd_p=733c3c6e-69dd-48c4-aaeb-acc982b5fc9a&pf_rd_r=G18YWNMW6MSDRMKCVPMT&pd_rd_r=3bbb921c-caff-46d8-a767-eb23548e7e81&pd_rd_wg=lqvmc&pd_rd_i=B08GQ8Y24V&th=1&linkCode=ll1&tag=giftomatic07-21&linkId=b7e9347b6135cd72815012e6960cc7c3&language=en_IN&ref_=as_li_ss_tl
https://images-eu.ssl-images-amazon.com/images/I/516Ce5A2MaL._SX300_SY300_QL70_ML2_.jpg,"Varna Crafts Plastic LED Ironman Mask Lamp, Black",4.2 out of 5 stars,https://www.amazon.in/Varna-Crafts-Illusion-Flashing-5x8-inch/dp/B06Y2DRN89?dchild=1&keywords=illusion%2Blamp&qid=1622905886&sr=8-7&th=1&linkCode=ll1&tag=giftomatic07-21&linkId=1a1c72bfe88dbda301a8e729accf7bfa&language=en_IN&ref_=as_li_ss_tl
https://images-eu.ssl-images-amazon.com/images/I/51lqwho8vIL._SX300_SY300_QL70_ML2_.jpg,"ExclusiveLane Terracotta Pots Flower Vases for Living Room Terracotta Decorative for Home & Decorative Vase for Home Decor (13.4 cm x 13.4 cm x 14.9 cm, Jet Black, Golden & White)",4.4 out of 5 stars,https://www.amazon.in/dp/B07YG8Q5XH?psc=1&pd_rd_i=B07YG8Q5XH&pd_rd_w=7yK0B&pf_rd_p=22b566f7-b705-4003-ab1d-17d90225e15f&pd_rd_wg=T19m1&pf_rd_r=Y2QSD6XDHFHMXYW1W56C&pd_rd_r=6d166087-cd07-460e-9e43-1b0c45dce66b&spLa=ZW5jcnlwdGVkUXVhbGlmaWVyPUEzSU9QMlg1Wlc5WjkwJmVuY3J5cHRlZElkPUEwNTIyOTY0QUE1UElIVk1RQVdNJmVuY3J5cHRlZEFkSWQ9QTA2NjQ3MTBTSTZISzZFTTVHMUwmd2lkZ2V0TmFtZT1zcF9kZXRhaWwmYWN0aW9uPWNsaWNrUmVkaXJlY3QmZG9Ob3RMb2dDbGljaz10cnVl&linkCode=ll1&tag=giftomatic07-21&linkId=5618101c444edfa9d51cc7521ab06b62&language=en_IN&ref_=as_li_ss_tl
https://images-na.ssl-images-amazon.com/images/I/31x7fkC%2BATL._SY300_SX300_.jpg,The House of Tara Moss Green Vintage Canvas Messenger Sling Bag for Men and Women,4.2 out of 5 stars,https://www.amazon.in/House-Vintage-Crossbody-Business-Messenger/dp/B079R9T5V6?&linkCode=ll1&tag=giftomatic07-21&linkId=f459b37e21fe9c1586c5914b835d1209&language=en_IN&ref_=as_li_ss_tl
https://images-eu.ssl-images-amazon.com/images/I/51D8t73L2IS._SX300_SY300_QL70_ML2_.jpg,Lazy Gardener Propagation Station - Premium Mango Wood (Pack of 1),4.0 out of 5 stars,https://www.amazon.in/dp/B08KZZ8VGV?&linkCode=ll1&tag=giftomatic07-21&linkId=a6d4e123d8452ca85f062c9c4b749df6&language=en_IN&ref_=as_li_ss_tl
https://images-eu.ssl-images-amazon.com/images/I/51VHHTGkvbS._SX300_SY300_QL70_ML2_.jpg,"Lazy Gardener Ceramic Magnetic Planter Pots for Refrigerator, Dot Brush Hand-Painted (Pack of 2)",3.9 out of 5 stars,https://www.amazon.in/dp/B08YYGML12?&linkCode=ll1&tag=giftomatic07-21&linkId=afeedca984cf9b972a4ace20cd655a5f&language=en_IN&ref_=as_li_ss_tl
https://images-na.ssl-images-amazon.com/images/I/41mByBL3SyL._SY300_SX300_.jpg,Snug Colour Block Olive Sling Bag,3.8 out of 5 stars,https://www.amazon.in/Chumbak-Colour-Block-Olive-Sling/dp/B084YTY3FS?&linkCode=ll1&tag=giftomatic07-21&linkId=b96d6eb2c8a1a20b9d58896746328bd8&language=en_IN&ref_=as_li_ss_tl
https://images-na.ssl-images-amazon.com/images/I/51DD3H00AHL._SY300_SX300_.jpg,Chumbak Live Slow Laptop Sleeve - 15,4.2 out of 5 stars,https://www.amazon.in/Chumbak-Yourself-15-6-Laptop-Sleeve/dp/B08436M8B3?&linkCode=ll1&tag=giftomatic07-21&linkId=ae1f3ff53ef0dc4c2b27f5195ed9deec&language=en_IN&ref_=as_li_ss_tl
https://images-eu.ssl-images-amazon.com/images/I/61Uk6jKnt5L._SX300_SY300_QL70_ML2_.jpg,Chumbak Vibrant Jungle Trinket Box,4.5 out of 5 stars,https://www.amazon.in/Chumbak-Story-Stripes-Suitcase/dp/B01N306ZIT?&linkCode=ll1&tag=giftomatic07-21&linkId=a5a968ffef6bb67bb7c9aa6ddd19152c&language=en_IN&ref_=as_li_ss_tl
https://images-eu.ssl-images-amazon.com/images/I/31nSh9X%2B9GL._SX300_SY300_QL70_ML2_.jpg,Scarters Originals Canvas Splash-Proof Black Ultra-Sleek Designer Laptop/Tablet/MacBook Sleeve for 14 Inch : Folio Vol. I,4.7 out of 5 stars,https://www.amazon.in/Scarters-Splash-Proof-Ultra-Sleek-Designer-MacBook/dp/B07G9D7BVC?&linkCode=ll1&tag=giftomatic07-21&linkId=fe611810b9190b29ef44a705cca96f1c&language=en_IN&ref_=as_li_ss_tl
https://images-eu.ssl-images-amazon.com/images/I/417%2B87QCohL._SX300_SY300_QL70_ML2_.jpg,"RUilY Heng Balance Table Lamp, ABS PP, White, Pack of 1",4.5 out of 5 stars,https://www.amazon.in/RUilY-Balance-Magnetic-Bedroom-Wyoming/dp/B08FY7RKTT?&linkCode=ll1&tag=giftomatic07-21&linkId=c8f308786ff9bad2f7d9beb082af05de&language=en_IN&ref_=as_li_ss_tl
https://images-eu.ssl-images-amazon.com/images/I/31GL34ZToAL._SX300_SY300_QL70_ML2_.jpg,Kala MK-SD Makala Dolphin Series Soprano Ukulele - Red,4.1 out of 5 stars,https://www.amazon.in/Kala-Makala-Dolphin-Soprano-Ukulele/dp/B0056I7ACM?&linkCode=ll1&tag=giftomatic07-21&linkId=ee789366561c24db4b4b49a7a1266173&language=en_IN&ref_=as_li_ss_tl
https://images-eu.ssl-images-amazon.com/images/I/51jVWFOltHL._SX300_SY300_QL70_ML2_.jpg,Zerone English Calligraphy Feather Dip Quill Pen Writing Ink Set Stationery Gift Box with 5 Nibs(Red),4.4 out of 5 stars,https://www.amazon.in/Zerone-English-Calligraphy-Feather-Stationery/dp/B07KPDDB9P?&linkCode=ll1&tag=giftomatic07-21&linkId=3b60b8c419e297c95717bc00a8a7318a&language=en_IN&ref_=as_li_ss_tl
https://images-eu.ssl-images-amazon.com/images/I/51bkQArO1OL._SX300_SY300_QL70_ML2_.jpg,Vintage Market Trinket Box,4.5 out of 5 stars,https://www.amazon.in/Chumbak-Vintage-Market-Trinket-Box/dp/B084MK37NC?&linkCode=ll1&tag=giftomatic07-21&linkId=1d4b4f7712a7c1081cb601ec71c003ec&language=en_IN&ref_=as_li_ss_tl
https://images-eu.ssl-images-amazon.com/images/I/31l6ZWBJNWL._SX300_SY300_QL70_ML2_.jpg,Kala KA-15S Mahogany Soprano Ukulele,4.6 out of 5 stars,https://www.amazon.in/Kala-KA-15S-Mahogany-Soprano-Ukulele/dp/B001LU1SFO?&linkCode=ll1&tag=giftomatic07-21&linkId=b5a59432f5ecaaa37fd1898f18c8dc60&language=en_IN&ref_=as_li_ss_tl
https://images-eu.ssl-images-amazon.com/images/I/41wzKuGPP8L._SX300_SY300_QL70_ML2_.jpg,PagKis Bamboo Stainless Steel Flask Water Bottle/Thermos with Tea Strainer | Double Wall Vacuum Insulated | Hot & Cold (450 ML),4.4 out of 5 stars,https://www.amazon.in/dp/B088FJ5K7M?&linkCode=ll1&tag=giftomatic07-21&linkId=6c79662ea631fa4dbd23d8373bfd3f52&language=en_IN&ref_=as_li_ss_tl
https://images-eu.ssl-images-amazon.com/images/I/31tB0EIdR1L._SX300_SY300_QL70_ML2_.jpg,MINISO Facial Cleansing Brush Facial Wash Massage,4.2 out of 5 stars,https://www.amazon.in/MINISO-Facial-Cleansing-Brush-Massage/dp/B0885ZC5VY?&linkCode=ll1&tag=giftomatic07-21&linkId=8b318c8503307e54425f23e0e13da9b0&language=en_IN&ref_=as_li_ss_tl
https://images-eu.ssl-images-amazon.com/images/I/31ptjYQL2WS._SX300_SY300_QL70_ML2_.jpg,MINISO Dog Plush Toy 45cm(Khaki),4.4 out of 5 stars,https://www.amazon.in/MINISO-Dog-Plush-45cm-Khaki/dp/B097DRHYHK?th=1&linkCode=ll1&tag=giftomatic07-21&linkId=235ecb310aaf2ff1c12f548758514dd6&language=en_IN&ref_=as_li_ss_tl
https://images-eu.ssl-images-amazon.com/images/I/41ebvNCYQfL._SX300_SY300_QL70_ML2_.jpg,"MINISO Simple Eye Mask, Random Color",4.4 out of 5 stars,https://www.amazon.in/dp/B08L4L53D9?_encoding=UTF8&psc=1&linkCode=ll1&tag=giftomatic07-21&linkId=d793a0fb594b8d3b3b57952ed5f46d59&language=en_IN&ref_=as_li_ss_tl
https://images-eu.ssl-images-amazon.com/images/I/41T9DL2x13L._SX300_SY300_QL70_ML2_.jpg,"HUG n FEEL SOFT TOYS 3 Feet Teddy Bear, Baby Toys, Toys for Girls, Birthday Gift for Girls/Wife, Boyfriend/ Husband | Wedding/Anniversary Gift for Couple Special, Soft Toy Gift Item, (3 Feet, Pink)",4.1 out of 5 stars,https://www.amazon.in/Extra-Lovable-Huggable-Girlfriend-Birthday/dp/B07CXFKZ75?&linkCode=ll1&tag=giftomatic07-21&linkId=2c74b266ee65146b4fb2ab06f23a2de9&language=en_IN&ref_=as_li_ss_tl
https://images-eu.ssl-images-amazon.com/images/I/41etja3CBGL._SX300_SY300_QL70_ML2_.jpg,MINISO We Bear Bears - U-Shaped Pillow with Hood (Ice Bear),4.5 out of 5 stars,https://www.amazon.in/MINISO-We-Bear-Bears-U-Shaped/dp/B084JLQKPM?pd_rd_w=bwp2n&pf_rd_p=18688541-e961-44b9-b86a-bd9b8fa83027&pf_rd_r=FASVDRYMXM9ZB4RDTRTX&pd_rd_r=171ca22f-b97a-458f-8521-fb4eecdb3c5b&pd_rd_wg=eJuPY&pd_rd_i=B084JLQKPM&psc=1&linkCode=ll1&tag=giftomatic07-21&linkId=5a340025df877da41a178fa3b8a69d53&language=en_IN&ref_=as_li_ss_tl
https://images-eu.ssl-images-amazon.com/images/I/41QynP3pqFL._SX300_SY300_QL70_ML2_.jpg,"Hug N Feel Soft Toys Teddy Bear 4 feet Soft Toy | Birthday Gift for Girls/Wife, Boyfriend/ Husband | Wedding/Anniversary Gift for Couple Special, Baby Toys Gift Items, 4 feet Cream (121 cm)",4.1 out of 5 stars,https://www.amazon.in/Extra-Lovable-Huggable-Girlfriend-Birthday/dp/B07CXK7HHZ?th=1&psc=1&linkCode=ll1&tag=giftomatic07-21&linkId=a89e47fdf724c985040e9bed865c8ac6&language=en_IN&ref_=as_li_ss_tl
https://images-na.ssl-images-amazon.com/images/I/41NHk96DoKL._SY300_SX300_.jpg,MINISO We Bare Bears- Memory Foam U-Shaped Pillow (Brown),4.7 out of 5 stars,https://www.amazon.in/dp/B086TZJTJ7?&linkCode=ll1&tag=giftomatic07-21&linkId=e92552bf7da44dfc94dbb33cc6a1fcdb&language=en_IN&ref_=as_li_ss_tl
https://images-eu.ssl-images-amazon.com/images/I/410tM9%2BbcjL._SX300_SY300_QL70_ML2_.jpg,"HUG N FEEL SOFT TOYS Teddy Bear 6 Feet Soft Toy | Birthday Gift for Girls/Wife, Boyfriend/ Husband | Wedding/Anniversary Gift for Couple Special | Baby Toys Gift Items, Extra Large (6 Feet, Cream)",4.1 out of 5 stars,https://www.amazon.in/HUG-FEEL-SOFT-TOYS-Lovable/dp/B07CXN9N55?th=1&linkCode=ll1&tag=giftomatic07-21&linkId=89be1c6fff075d485fda91f2fa4253dc&language=en_IN&ref_=as_li_ss_tl
https://images-eu.ssl-images-amazon.com/images/I/31rilW883OS._SX300_SY300_QL70_ML2_.jpg,"MINISO We Bare Bears in-Ear Headphones with Microphone, Comfortable Earbuds Cute Earphones for Mobile Smartphones Apple Xiaomi Realme Oppo Samsung and More - Blue",3.9 out of 5 stars,https://www.amazon.in/MINISO-Headphones-Microphone-Comfortable-Smartphones/dp/B07D953NGH?th=1&linkCode=ll1&tag=giftomatic07-21&linkId=fe68026644716860f7630fec1d1ddaa8&language=en_IN&ref_=as_li_ss_tl
https://images-na.ssl-images-amazon.com/images/I/31fDaxV6hZL._SY300_SX300_.jpg,The Moko Mini (Shy Pink),Previous page of related Sponsored Products,https://www.amazon.in/The-Moko-Mini-Shy-Pink/dp/B08XPMZ5N1?crid=BJHMZBFXZJT5&dchild=1&keywords=mokobara&qid=1626036129&sprefix=moko%2Caps%2C394&sr=8-12&linkCode=ll1&tag=giftomatic07-21&linkId=6369285bd529de0ecdba0de2b9408115&language=en_IN&ref_=as_li_ss_tl
https://images-eu.ssl-images-amazon.com/images/I/31bP3C6eMxS._SX300_SY300_QL70_ML2_.jpg,"THE ASSEMBLY Electronic Organizer Tech Kit Small Travel Cable Organizer Bag for Hard Drives, Cables, Charger, Phone, USB, SD Card (Grey)",4.0 out of 5 stars,https://www.amazon.in/ASSEMBLY-Electronic-Organizer-Travel-Charger/dp/B08RJ3MWN4?th=1&linkCode=ll1&tag=giftomatic07-21&linkId=aba4ed79dccd3feda2157b7e9fba35f9&language=en_IN&ref_=as_li_ss_tl
https://images-eu.ssl-images-amazon.com/images/I/3143dSTa6mL._SY300_SX300_QL70_ML2_.jpg,"gs GREATERSCAP Super Classic Camera Lens Shaped Coffee Mug with Lid, Steel Insulated | Gifting idea| DSLR Camera Lens Shaped Travel Thermos Cup 400 Ml, Black",4.2 out of 5 stars,https://www.amazon.in/dp/B07KZGN5CX?psc=1&pd_rd_i=B07KZGN5CX&pd_rd_w=QSddj&pf_rd_p=f7411aaf-b7ff-4de1-8a53-cdd447bca5de&pd_rd_wg=Lqg6x&pf_rd_r=HMZ9Z8CMC7305NCMBQHH&pd_rd_r=4db68118-4a56-4c5f-b2cb-52cb06a1437c&spLa=ZW5jcnlwdGVkUXVhbGlmaWVyPUExOENZMEY1TlNDNFVaJmVuY3J5cHRlZElkPUEwNzA4NTY1M0VNVUxaTzRBQklFVyZlbmNyeXB0ZWRBZElkPUEwMTY5OTgzMlo2NlBXSVIzT1RSTCZ3aWRnZXROYW1lPXNwX2RldGFpbCZhY3Rpb249Y2xpY2tSZWRpcmVjdCZkb05vdExvZ0NsaWNrPXRydWU%3D&linkCode=ll1&tag=giftomatic07-21&linkId=19964cf6bd42e16ef7051933ec50b29c&language=en_IN&ref_=as_li_ss_tl
https://images-eu.ssl-images-amazon.com/images/I/41ep2-czIYL._SY300_SX300_QL70_ML2_.jpg,Sony WH-CH510 Wireless Headphones - Black,4.0 out of 5 stars,https://www.amazon.in/Sony-WHCH510-WH-CH510-Wireless-Headphone/dp/B07WSKKYPR?dchild=1&keywords=wireless+headphones&qid=1626036847&refinements=p_89%3AJBL%7CSony%2Cp_72%3A1318476031&rnid=1318475031&s=electronics&sr=1-5&linkCode=ll1&tag=giftomatic07-21&linkId=8b18f00df216bc0970419fbb7034d18f&language=en_IN&ref_=as_li_ss_tl
https://images-eu.ssl-images-amazon.com/images/I/51zrB9BasTS._SX300_SY300_QL70_ML2_.jpg,UrbanMooch Handcrafted Sheesham Wood Beard Comb - Compact & Light Weight For Healthy & Stylish Beard,4.2 out of 5 stars,https://www.amazon.in/dp/B091NRGMBQ?psc=1&pd_rd_i=B091NRGMBQ&pd_rd_w=RorTX&pf_rd_p=22b566f7-b705-4003-ab1d-17d90225e15f&pd_rd_wg=7lNhn&pf_rd_r=J75J42Z4FXH8AQJ4TT5C&pd_rd_r=3c08b69d-7b9c-4b0c-b49a-3371b178639d&spLa=ZW5jcnlwdGVkUXVhbGlmaWVyPUExTkRXSUdNMDlURjNLJmVuY3J5cHRlZElkPUEwNzMwOTQ4UEpWTEFKTExZN0NHJmVuY3J5cHRlZEFkSWQ9QTA4NzU4NzI1N082SUdUMTA4NFkmd2lkZ2V0TmFtZT1zcF9kZXRhaWwmYWN0aW9uPWNsaWNrUmVkaXJlY3QmZG9Ob3RMb2dDbGljaz10cnVl&linkCode=ll1&tag=giftomatic07-21&linkId=57f1be0bc196eac9d7a02a202c3fe5e9&language=en_IN&ref_=as_li_ss_tl
https://images-eu.ssl-images-amazon.com/images/I/5101y2a5NzL._SX300_SY300_QL70_ML2_.jpg,"Lasaki Couple Ceramic Pot for Indoor Plants | Planters Flower Pots Gamla Succulent Pot Outdoor (Color: Antique) (L:15 cm, W:9 cm, H:13 cm)",4.2 out of 5 stars,https://www.amazon.in/dp/B0778QWKM5?th=1&linkCode=ll1&tag=giftomatic07-21&linkId=0dad00f28cc4037eb26965f90dfcf4b0&language=en_IN&ref_=as_li_ss_tl
https://images-eu.ssl-images-amazon.com/images/I/51rENR6MsVL._SX300_SY300_QL70_ML2_.jpg,UrbanMooch 100% Boar Bristle Beard Brush with Wooden Handle for a Healthy Beard & Styling,4.0 out of 5 stars,https://www.amazon.in/dp/B08JD7MDT2?psc=1&pd_rd_i=B08JD7MDT2&pd_rd_w=7mklY&pf_rd_p=db6d779c-107a-4ad8-b18a-bef254d1f928&pd_rd_wg=QMeny&pf_rd_r=0GTRF8W5TRWVDBS8XNGQ&pd_rd_r=67c71ddc-81d7-4135-8293-d267f2cdaef6&spLa=ZW5jcnlwdGVkUXVhbGlmaWVyPUEySVg3OVhJTkhMSVpYJmVuY3J5cHRlZElkPUEwMDAwOTA3MkRQQzU2TUVTN0Y5SSZlbmNyeXB0ZWRBZElkPUEwODUzNDA0RkJJN1M3NkdTT05DJndpZGdldE5hbWU9c3BfZGV0YWlsX3RoZW1hdGljJmFjdGlvbj1jbGlja1JlZGlyZWN0JmRvTm90TG9nQ2xpY2s9dHJ1ZQ%3D%3D&linkCode=ll1&tag=giftomatic07-21&linkId=42f3ca9a986c6bbaf7f0c1387fe47f3e&language=en_IN&ref_=as_li_ss_tl
https://images-eu.ssl-images-amazon.com/images/I/41Q67%2Bo1cjL._SX300_SY300_QL70_ML2_.jpg,Plantmojo Golden Snake Plant in Self Watering Ceramic Pot,3.7 out of 5 stars,https://www.amazon.in/dp/B08KTHQMN6?pd_rd_i=B08KTHQMN6&pd_rd_w=T8VhV&pf_rd_p=22b566f7-b705-4003-ab1d-17d90225e15f&pd_rd_wg=pIxin&pf_rd_r=H5JTPZSHJMR8N8Y5Y5K3&pd_rd_r=07a31970-5e91-40f8-a9c3-e0e3084138ef&spLa=ZW5jcnlwdGVkUXVhbGlmaWVyPUExNzFUTjhFQk42S1dXJmVuY3J5cHRlZElkPUEwNjQwODE1MjRUM0JTNE5GTzMzSyZlbmNyeXB0ZWRBZElkPUEwOTQ5NjQ4MllWRDVMRkpMMzNGRCZ3aWRnZXROYW1lPXNwX2RldGFpbCZhY3Rpb249Y2xpY2tSZWRpcmVjdCZkb05vdExvZ0NsaWNrPXRydWU&th=1&linkCode=ll1&tag=giftomatic07-21&linkId=8cc88e3459cc6f7c45594eee56e06313&language=en_IN&ref_=as_li_ss_tl
https://images-eu.ssl-images-amazon.com/images/I/41MWOcGa7NL._SX300_SY300_QL70_ML2_.jpg,Fujifilm Instax Mini 9 InstantÂ Camera (Clear Pink),4.4 out of 5 stars,https://www.amazon.in/Fujifilm-Instax-Mini-Ice-Blue/dp/B07W7SV58R?th=1&linkCode=ll1&tag=giftomatic07-21&linkId=9da545952e4b9be39c520eeb0ebea769&language=en_IN&ref_=as_li_ss_tl
https://images-eu.ssl-images-amazon.com/images/I/51MLQw0IBiL._SX300_SY300_QL70_ML2_.jpg,"ExclusiveLane Handpainted Ceramic Bathroom Accessory Set of 3 (Liquid Soap Dispenser, Soap Dish, Toothbrush Holder) - Sea Green, White and Black (EL-022-026)",4.3 out of 5 stars,https://www.amazon.in/dp/B07HJ42QCQ?th=1&linkCode=ll1&tag=giftomatic07-21&linkId=02a69474c1429f56be8961edaa031c89&language=en_IN&ref_=as_li_ss_tl
https://images-eu.ssl-images-amazon.com/images/I/314rF2hKEoL._SX300_SY300_QL70_ML2_.jpg,Dr Trust USA 3-in-1 Nano Ionic Facial Steamer Vaporizer Room Humidifier and Towel Warmer (White),4.4 out of 5 stars,https://www.amazon.in/Dr-Trust-Steamer-Vaporizer-Humidifier/dp/B07RM4GKYR?pd_rd_w=hlB6X&pf_rd_p=34a10583-7b73-4a8b-a50c-18319ea9bb75&pf_rd_r=JJVK08SAVXE787VVRATA&pd_rd_r=c8548ed2-c3e6-427c-9506-90fcd036d21d&pd_rd_wg=1G6hR&pd_rd_i=B07RM4GKYR&psc=1&linkCode=ll1&tag=giftomatic07-21&linkId=614c8ab49c9a37e73eff7f77396cd20b&language=en_IN&ref_=as_li_ss_tl
https://images-eu.ssl-images-amazon.com/images/I/41IWJmSimAS._SX300_SY300_QL70_ML2_.jpg,DRUIX Acne Pore Cleaner Vacuum Blackhead Remover Kit Skin Cleaner | Beautiful Skin Care Expert Pimple Removal Tool | Acne Removal Tool - Assorted Color,5.0 out of 5 stars,https://www.amazon.in/Cleaner-Blackhead-Remover-Beautiful-Removal/dp/B092DQFW1Z?crid=2KIJEKRO929LQ&dchild=1&keywords=korean+skin+care+products+kit&qid=1625561572&sprefix=korean+%2Caps%2C315&sr=8-16&linkCode=ll1&tag=giftomatic07-21&linkId=6279f33fdffb38dfba2d25c3de3d04f5&language=en_IN&ref_=as_li_ss_tl
https://images-eu.ssl-images-amazon.com/images/I/41CXG0yUPyL._SY300_SX300_QL70_ML2_.jpg,"24x7 eMall Cute White Dog Cartoon Printed Super Soft and Comfortable Eye Shade Complete Black-out Design, Snooze, Slumber, Hibernate for Proper Sleep, Travel",4.1 out of 5 stars,https://www.amazon.in/24x7-eMall-Blindfold-Eyes-Sleeping/dp/B07BK8478M?dchild=1&keywords=Panda+Eye+Stick&qid=1626038193&refinements=p_72%3A1318476031&rnid=1318475031&s=beauty&sr=1-9&linkCode=ll1&tag=giftomatic07-21&linkId=7aaddf77a33b81655a958d0b77606a5d&language=en_IN&ref_=as_li_ss_tl
https://images-eu.ssl-images-amazon.com/images/I/51rsdKWVaWL._SX300_SY300_QL70_ML2_.jpg,"Nestroots Stool Ottoman for Living Room Sitting Printed Ottoman upholstered Foam Cushioned pouffe Puffy for Foot Rest Home Furniture with 4 Wooden Legs (14"" inch Height Beige Grey)",4.1 out of 5 stars,https://www.amazon.in/dp/B07GBVFTFH?&linkCode=ll1&tag=giftomatic07-21&linkId=d6c1fae2d0263061c07b8ce7db3b9897&language=en_IN&ref_=as_li_ss_tl
https://images-eu.ssl-images-amazon.com/images/I/51rfCcnan3L._SX300_SY300_QL70_ML2_.jpg,"Saregama Carvaan Premium- Portable Music Player with 5000 Preloaded Songs, FM/BT/AUX (Oakwood Brown)",4.2 out of 5 stars,https://www.amazon.in/Saregama-SKU-R20008-SC01-Portable-Porcelain/dp/B08R958NX4?crid=GH1AM9HU51CN&dchild=1&keywords=carwan%2Bsaregama&qid=1626038318&refinements=p_n_condition-type%3A8609960031%2Cp_72%3A1318476031&rnid=1318475031&s=electronics&sprefix=carw%2Caps%2C358&sr=1-1&th=1&linkCode=ll1&tag=giftomatic07-21&linkId=6ff75584273901ebbb85c5bfe0a37e96&language=en_IN&ref_=as_li_ss_tl
https://images-eu.ssl-images-amazon.com/images/I/31MeeEkhg%2BS._SX300_SY300_QL70_ML2_.jpg,"Croma Drip Coffee Maker 1.5L with 10 Cup Capacity, Keep Warm Function, Permanent Nylon Filter & Timer (900W) (CRAK0028, Black)",4.1 out of 5 stars,https://www.amazon.in/Croma-CRAK0028-Coffee-Maker-Black/dp/B07NGNDV99?dchild=1&keywords=Coffee+Maker&qid=1626038507&rnid=3837712031&s=kitchen&sr=1-2&linkCode=ll1&tag=giftomatic07-21&linkId=89c69469db664b1fee6b681f3cdaada8&language=en_IN&ref_=as_li_ss_tl
https://images-eu.ssl-images-amazon.com/images/I/31ArgRgKPuL._SX300_SY300_QL70_ML2_.jpg,"Sony SRS-XB12 Wireless Extra Bass Bluetooth Speaker with 16 Hours Battery Life, Waterproof, Dustproof, Rustproof, Speaker wih Mic, Loud Audio for Phone Calls (Black)",4.3 out of 5 stars,https://www.amazon.in/Sony-SRS-XB12-Portable-Waterproof-Wireless/dp/B07QD1G5B6?pd_rd_i=B07QD1LKRW&th=1&linkCode=ll1&tag=giftomatic07-21&linkId=5aa4ce07cb7bd15befd636817df94e0f&language=en_IN&ref_=as_li_ss_tl
https://images-eu.ssl-images-amazon.com/images/I/41iil5OVq%2BS._SX300_SY300_QL70_ML2_.jpg,Mediheal X BTS Facial Mask Sheet Special Set / Mask Sheet 10ea + BTS Photocard 14ea (01 Hydrating Moisture Care),4.8 out of 5 stars,https://www.amazon.in/Mediheal-Facial-Sheet-Special-Photocard/dp/B078W3NV4P?crid=2KIJEKRO929LQ&dchild=1&keywords=korean+skin+care+products+kit&qid=1625561572&sprefix=korean+%2Caps%2C315&sr=8-1&linkCode=ll1&tag=giftomatic07-21&linkId=222cc9aaf1a7d74c79237dc6e07a0159&language=en_IN&ref_=as_li_ss_tl
https://images-eu.ssl-images-amazon.com/images/I/41XgzJ6wEgS._SX300_SY300_QL70_ML2_.jpg,JBL Clip 3 by Harman Ultra-Portable Wireless Bluetooth Speaker with Mic (Black),4.5 out of 5 stars,https://www.amazon.in/JBL-Ultra-Portable-Wireless-Bluetooth-Speaker/dp/B07B9NMQTP?dchild=1&keywords=Portable+Bluetooth+Speaker&qid=1626038717&refinements=p_89%3AJBL%7CSony&rnid=3837712031&s=electronics&sr=1-7&linkCode=ll1&tag=giftomatic07-21&linkId=ccb7c1e9ce806a1e66ea940e89319ae7&language=en_IN&ref_=as_li_ss_tl
